,id,title,group,review,prediction
0,90, The Eagle Has Landed, Book,3.5,4.152592055394178
1,1372, Che in Africa: Che Guevara's Congo Diary, Book,3.5,4.128682020912038
2,1382, The Darwin Awards II : Unnatural Selection, Book,3.5,3.9251147524376093
3,253, Celtic Glory, Music,4.0,4.668282028252044
4,671, Sublte Aromatherapy, Book,3.5,3.947461785148001
5,240, Clathrate Hydrates of Natural Gases (Chemical Industries), Book,3.5,3.984408039599047
6,1813, Rock & Roll Music to the World, Music,4.0,4.343223858530438
7,1197, Adult Health Case Studies, Book,3.5,4.0430904621130885
8,1105," The Secret Teachings of All Ages : An Encyclopedic Outline of Masonic, Hermetic, Qabbalistic, and Rosicrucian Symbolical Philosophy", Book,3.5,4.016732307873929
9,2460, Music of the Oriental Jews from North Africa Yemen, Music,4.0,4.459980708514939
10,928, Cabin III: The Unlawful Assembly at Winding Ridge (Cabin), Book,3.5,4.050197752352169
11,1345," Chicken Soup for the Golfer's Soul: Stories of Insight, Inspiration and Laughter on the Links (Chicken Soup Series)", Book,3.5,4.091388135804323
12,1843," Facilitative Leader, The: Behaviors that Enable Success", Book,3.5,3.9602632202635206
13,2637, Dog Food, Book,3.5,3.8853298049313096
14,2000, Design Considerations of Time in Fuzzy Systems (APPLIED OPTIMIZATION Volume 35) (Applied Optimization), Book,3.5,3.9434085572719106
15,657," Techno Trax, Vol. 1", Music,4.0,4.2310533775436365
16,2652, Howling V: The Rebirth, Video,4.0,4.099867685388961
17,459, The Civil War Collection, Book,3.5,3.9752639370396268
18,1837, Rodale's Book of Practical Formulas, Book,3.5,4.008325386711277
19,601, The Training and Hiring of Journalists: (Communication and Information Science), Book,3.5,3.8547892051484696
20,423, The Drowned and the Saved, Book,3.5,3.6250853453226224
21,2543, Blind Descent: : An Anna Pigeon Mystery (Anna Pigeon Mysteries (Paperback)), Book,3.5,4.043790242822416
22,2539, Benchley's Best, Book,3.5,4.4771915086671665
23,385," Garden Fun: Indoors & Out, in Pots & Small Spots (Quick Starts for Kids!)", Book,3.5,3.62231579694367
24,1373, Inimitables, Music,4.0,4.397679021319986
25,2294, CDMA Capacity and Quality Optimization (Telecom Engineering), Book,3.5,4.0957065939957875
26,1348, Zen Seeds: Reflections of a Female Priest, Book,3.5,4.113150093354067
27,903, Appalachian Blues, Music,4.0,4.3793739023355585
28,1920, We'll Soon Find Out, Music,4.0,4.50650184549582
29,1052," The Best of Operetta, Vol. 3", Music,4.0,4.325931782180362
30,2555, Bone Marrow Nei Kung: Taoist Ways to Improve Your Health by Rejuvenating Your Bone Marrow and Blood, Book,3.5,4.00439289679916
31,1872, Extreme Chan Action Pack (First Strike/Mr. Nice Guy/Rumble in the Truck/Rescue Vehicle), Video,4.0,4.429438334120658
32,2615, Got the Groove [Germany], Music,4.0,4.455505043092844
33,2397, Becoming Intercultural : An Integrative Theory of Communication and Cross-Cultural Adaptation, Book,3.5,4.237681767640069
34,2668, Subterranea: the Concert, Music,4.0,4.099867685388961
35,1555, Tolstoy: A Biography, Book,3.5,4.02349197040969
36,1006, Waldorf Schools: Kindergarten to Early Years, Book,3.5,3.85407911908185
37,1807," Among the King's Soldiers (Spirit of Appalachia, 3)", Book,3.5,3.985409502367643
38,2109," ISO 9000 Documentation Toolkit: 1994 Revised ISO 9001 Standard, The (Bk/Disk)", Book,3.5,4.087727832998025
39,2155, Pooh's Basket of Surprises (Jellybean Books), Book,3.5,4.053471032893967
40,1281, Ride, DVD,4.0,4.303035329641297
41,1408," Ptolemy's ""Almagest""", Book,3.5,3.953020675707601
42,2396, Hydropolitics in the Third World: Conflict and Cooperation in International River Basins, Book,3.5,4.279090562833867
43,1601, Integrated Learning for ERP Success: A Learning Requirements Planning Approach, Book,3.5,3.97637667841048
44,40, Renovations: A Father and Son Rebuild a House and Rediscover Each Other, Book,3.5,3.336549007524918
45,1452," Luftwaffe Vs. Raf: Flying Clothing of the Air War, 1939-45 (Schiffer Military/Aviation History)", Book,3.5,4.049323022832368
46,726, France, Video,4.0,4.422485806916518
47,1425," Workbook in Spanish First Year (2nd Ed., R 44 W)", Book,3.5,4.004647436871444
48,2319, In the Time of the Butterflies, Book,3.5,4.543006743168414
49,1005, Second Helpings from Union Square Cafe: 160 New Recipes from New York's Favorite Restaurant, Book,3.5,3.5899788368235037
50,2003, New Insights in Modern Astrology, Book,3.5,4.073437620745704
51,1108, Anthroposophy and Astrology : The Astronomical Letters of Elizabeth Vreede, Book,3.5,4.183998166551385
52,2043," Michelin THE GREEN GUIDE New York-New Jersey-Pennsylvania, 2e", Book,3.5,4.080980950530197
53,1926, Abba's Child: The Cry of the Heart for Intimate Belonging, Book,3.5,4.030548944699761
54,761, Marilyn-Her Life in Her Own Words: Marilyn Monroe's Revealing Last Words and Photographs, Book,3.5,4.117045330938595
55,170, Lafayette, Book,3.5,3.9284725593901055
56,677, Ben Hogan's Five Lessons : The Modern Fundamentals of Golf, Book,3.5,4.029009706785939
57,2386, The Price of Passion (Avon Romance), Book,3.5,4.047324931107613
58,163, Messages to Our Family, Book,3.5,4.072305251858041
59,1045," The Best of Operetta, Vol. 2", Music,4.0,4.419095253397705
60,443, Faith and Justification (Studies in Dogmatics), Book,3.5,4.060251236036812
61,1959, Living in Spanglish: The Search for Latino Identity in America, Book,3.5,4.106101022668998
62,180, Barney: Sing and Dance with Barney, Video,4.0,4.373787394464079
63,429, Colour Meditations, Book,3.5,1.5864084845754403
64,157, What about Spiritual Warfare?, Book,3.5,3.8440040072248984
65,2378, Following God: Learning Life Principles from the New Testament Men of Faith (Following God Series), Book,3.5,4.492550170348178
66,1973, Transportation, Book,3.5,4.133377708710501
67,2020," The Minority Report and Other Classic Stories (Dick, Philip K. Short Stories.)", Book,3.5,4.096188821726743
68,1931, Applied Blood Group Serology, Book,3.5,4.094728080891876
69,14, Later..., Music,4.0,4.40117675696016
70,2004, Twinnings, Music,4.0,4.397955319107215
71,95," The Heavy Flak Guns, 1933-1945: 88Mm, 105Mm, 128Mm, 150Mm, and Ballistic Directional Equipment", Book,3.5,1.3063753396483433
72,638, Songs Without Words, Music,4.0,4.365814258660485
73,929," Beeswax: Production, Harvesting, Processing and Products", Book,3.5,4.072516040329749
74,119," Black Friday (Soul Survivor Series, Bk. 4)", Book,3.5,3.9024830153997248
75,1962, Five Days in July, Music,4.0,4.4009976999123595
76,2404, The Secret of Gumbo Grove, Book,3.5,3.785519562314452
77,36, Uists & Barra (Pevensey Island guides), Book,3.5,3.7542023881985256
78,52, Secrets of Gypsy Love Magick (Llewellyn's New Age Series), Book,3.5,3.8325055479253316
79,4, Life Application Bible Commentary: 1 and 2 Timothy and Titus, Book,3.5,4.056304931650217
80,1884," Current Procedural Terminology: CPT 2001 (Standard Edition, Spiral-Bound Version)", Book,3.5,4.065667449413711
81,267, Unwinnable Wars: American Power and Ethnic Conflict, Book,3.5,3.8436420670342977
82,888, Bedlam, Music,4.0,4.777008668022084
83,705," Look Out, Jack! the Giant Is Back", Book,3.5,4.0563641866884765
84,1720, Rabbi Abraham Ibn Ezra: Studies in the Writings of a Twelfth-Century Jewish Polymath (Harvard Judaic Texts and Studies), Book,3.5,3.9574168475243066
85,398, Cobra: Original Motion Picture Soundtrack (1986 Film), Music,4.0,4.4009787869348695
86,2588, 7, Music,4.0,4.40289147116707
87,384, Jewish History in 100 Nutshells, Book,3.5,3.678407055075262
88,551, Vince Lombardi Video Football Card, Video,4.0,4.380416360115422
89,746, Faith in the Face of Apostasy: The Gospel According to Elijah and Elisha (The Gospel According to the Old Testament), Book,3.5,4.0883854465518645
90,996, No One Can Hear You, DVD,4.0,4.35163072083423
91,1497, How to Finance a Growing Business: An Insider's Guide to Negotiating the Capital Markets, Book,3.5,4.150334626148599
92,2411, Every Eye Beholds You: A World Treasury of Prayer, Book,3.5,3.845163252847074
93,334, Getting Ready for Marriage Workbook : How to Really Get to Know the Person You're Going to Marry, Book,3.5,4.0352824182407865
94,2353, Simulation and Chaotic Behavior of A-stable Stochastic Processes (Pure and Applied Mathematics (Marcel Dekker)), Book,3.5,3.739702534970036
95,2165, Profiting from Emerging Market Stocks, Book,3.5,4.0274939406330805
96,1013," An Introduction to Programming with Visual Basic.NET, Fifth Edition", Book,3.5,4.104985626771642
97,2367, Smart Business Solutions: Direct Marketing and Customer Management, Book,3.5,4.124286637840371
98,511," Verdi - Il Trovatore / Levine, Milnes, Marton, Pavarotti, Metropolitan Opera", DVD,4.0,4.396833636633815
99,758, Washed Up and Through the Ringer, Music,4.0,4.467653439803479
100,1965, Inner Speed Secrets Mental Strategies to Maximize Your Racing Performance: Strategies to Maximize Your Racing Performance, Book,3.5,3.9445102925156257
101,1118, Where Is Thumbkin?, Music,4.0,4.171738834087975
102,1081, Desperation, Book,3.5,4.100613030997705
103,1749, Rain of a Thousand Flames, Music,4.0,4.394838050063946
104,2104, Mimi's Tutu, Book,3.5,4.118468645155859
105,2593, The Irish Enchantress (Zebra Historical Romance S.), Book,3.5,4.0919970118462885
106,1133, Angola:  Promises and Lies, Book,3.5,4.381871264371737
107,1941, Incantations magiques syriaques., Book,3.5,3.9878282641209952
108,298, Tower for the Summer Heat, Book,3.5,4.083531048249203
109,1852, M. Hulot's Holiday - Criterion Collection, DVD,4.0,4.365091243138414
110,1793, Vivaldi - Gloria · Magnificat / Concerto Italiano · Rinaldo Alessandrini [+ Bonus CD · Catalogue 2000], Music,4.0,4.399266109922799
111,2012, The MAGIC YEARS, Book,3.5,3.961687172351425
112,2401," God's Diet : A Short and Simple Way to Eat Naturally, Lose Weight, and Live a Healthier Life", Book,3.5,4.029381296868602
113,2304, Looking for Cassandra Jane, Book,3.5,4.008273090691381
114,408, Christmas at Boots' Place, Music,4.0,4.391942174594092
115,2623, Time and Tide, Music,4.0,4.339201166563029
116,1, Patterns of Preaching: A Sermon Sampler, Book,3.5,4.546877349751121
117,1038, Highly Available Storage for Windows Servers, Book,3.5,4.083502718519606
118,1877, Jim Church's Essential Guide to Composition : A Simplified Approach to Taking Better Underwater Pictures, Book,3.5,3.914242724828729
119,826, How Is Jesus Different from Other Religious Leaders? (Examine the Evidence), Book,3.5,4.486547224457839
120,1253, Why Be a Mediocre Christian, Book,3.5,4.064911963735103
121,1306, About a Boy (Movie Tie-In), Book,3.5,3.9788938419916264
122,695, The Healing Labyrinth: Finding Your Path to Inner Peace, Book,3.5,4.0908106848029675
123,451, Memories of Lafayette, Book,3.5,3.9181603145892727
124,2541, Poets of the Great War, Book,3.5,3.9781796447348357
125,1898, Coaching Ymca Champions Flag Football, Book,3.5,4.208186967207292
126,1142, The Lives of the Holy Prophets, Book,3.5,4.030453475846537
127,704, Thunder From the Clear Sky, Book,3.5,4.044188802269101
128,1037, The Last Temptation: A Novel, Book,3.5,4.085459389928008
129,1914, Random House Webster's Student Notebook Writers' Guide, Book,3.5,4.08849980715674
130,383, Live At Gilley's, Music,4.0,4.1829818565928765
131,2423," Much Depends on Dinner: The Extraordinary History and Mythology, Allure and Obsessions, Perils and Taboos, of an Ordinary Meal", Book,3.5,4.1584288740617925
132,1773," Continuous Quality Improvement in Health Care: Theory, Implementation, and Applications", Book,3.5,4.0031784700654836
133,430, LabVIEW for Data Acquisition, Book,3.5,3.9898273791867713
134,2263, War and Peace : BBC (BBC Radio Presents), Book,3.5,3.969908693404984
135,1632, Pocket Companion to Obstetrics: Normal & Problem Pregnancies, Book,3.5,3.9566982252007503
136,2587, Love and Responsibility, Book,3.5,4.179879408461169
137,1516, Best of Albertina Walker, Music,4.0,4.646990921719349
138,790," The Machine at Work: Technology, Work, and Organization", Book,3.5,3.7902126808198546
139,592, Buster's Diaries : The True Story of a Dog and His Man, Book,3.5,4.079216053657463
140,1043," The Best of Operetta, Vol. 1", Music,4.0,4.408581435709456
141,228, Hollywood Agents & Managers Directory (Hollywood Representation Directory), Book,3.5,3.900388130707761
142,641, Perfect Fit, Music,4.0,4.364027565830389
143,2473, Flowermouth, Music,4.0,4.373042859139902
144,1479, Corazones, Music,4.0,4.357874795976537
145,2672, Schubert: Solo Piano Works, Music,4.0,4.099867685388961
146,971, I Maccabees (Anchor Bible), Book,3.5,4.0458046993404455
147,2089, Diabolis Interium, Music,4.0,4.3777170660132985
148,1055," Haynes Chrysler LHS Concorde, 300M, Dodge Intrepid 1998-2001 Repair Manual", Book,3.5,4.096147482031698
149,2281, Differences Between Bible Versions, Book,3.5,3.876362377899263
150,1942, Understanding Children and Adolescents (4th Edition), Book,3.5,3.9609414283196434
151,702, Just The Faq*s About The Bible, Book,3.5,3.8479263989749772
152,1815, Advertising (Lucent Overview Series), Book,3.5,3.964667016344223
153,1676, Smiddyburn / Flittin, Music,4.0,4.528726289672843
154,1669, The Ark, Book,3.5,4.043273267212712
155,2182, Romans in a New World: Classical Models in Sixteenth-Century Spanish America, Book,3.5,3.9941690684721416
156,595, Masada, Music,4.0,4.36499244935305
157,1485, Ven Conmigo, Music,4.0,4.549659531401245
158,1672, The Evolution of Culture in Animals, Book,3.5,3.7723998028032124
159,2418, Papa Was a Boy in Gray, Book,3.5,4.049684092632594
160,763, Nana, Book,3.5,4.19886321262903
161,1570, Babylon 5: Walkabout (TV Series Episode), Music,4.0,4.315066462180264
162,184, Physicians of the Soul: The Psychologies of the World's Greatest Spiritual Leaders, Book,3.5,3.9334554004788456
163,1644, The Shaping of a Life : A Spiritual Landscape, Book,3.5,3.802455512292862
164,2522, Base Ten Activities (30110), Book,3.5,4.029944905122825
165,1875, Motherlove (Sharing Nature With Children Book), Book,3.5,3.952530810142608
166,817, Moses Goes to A Concert, Book,3.5,4.030852932137078
167,1913, The Champion, Book,3.5,4.138248557663294
168,935, Down Ass Chick/Smokin' and Ridin', Music,4.0,4.409340314107753
169,1092, She, Music,4.0,4.7879459878639565
170,2556," Specters of Marx: The State of the Debt, the Work of Mourning, and the New International", Book,3.5,3.898662231039291
171,2497, Ithanalin's Restoration (Ethshar), Book,3.5,3.9864905445948033
172,578, By the Light of the Moon, Book,3.5,4.247756543010908
173,1591, Charlie Chan - The Chinese Cat, Video,4.0,4.434956397789696
174,2002, Heavenly Answers to Earthly Questions: Simple Lessons for a Life Worth Living, Book,3.5,4.0286181597295005
175,2456, Paintball! : Strategies & Tactics, Book,3.5,4.337462331169151
176,1927," Periodicity and the S- And P-Block Elements (Oxford Chemistry Primers, 51)", Book,3.5,3.900564214954288
177,1162, Relationship Pain: Why We Get Hurt and What to Do About It, Book,3.5,4.082947598846982
178,2600, I Will Be Here, Book,3.5,4.10011659545431
179,2312, Ready-to-Use Trades and Services Silhouettes (Clip Art), Book,3.5,4.030393270871182
180,759, Tiger Man, Music,4.0,4.401910748179933
181,1447, How to Make Love Six Nights a Week, Book,3.5,4.227755935477088
182,2207," Business Law: Ethical, International and E-Commerce Environment (4th Edition)", Book,3.5,4.049403710815092
183,2166," Mama, Do You Love Me?", Book,3.5,4.091655477220177
184,1908, Strauss:The Magic of Vienna, DVD,4.0,4.373560582227771
185,989, Oh What a Lovely War (Methuen Modern Play), Book,3.5,3.8365070591692416
186,1135, Copycat Marketing 101: How to Copycat Your Way to Wealth, Book,3.5,4.088381698329748
187,2023, Powerboating: A Woman's Guide, Book,3.5,3.9996019944001358
188,1397, Restless Breed, Music,4.0,4.4507811111543685
189,1126, Hands, Music,4.0,4.426004235352941
190,1492, DK Nature Encyclopedia, Book,3.5,4.088450333576597
191,1784, End of Time: A Meditation on the Philosophy of History, Book,3.5,4.147323208585103
192,615, Testifyin'!: Live at the Village Vanguard, Music,4.0,4.30570964428555
193,1868, Detour : My Bipolar Road Trip in 4-D, Book,3.5,3.9542419984699286
194,338, The Crossbow Murder, Book,3.5,4.087806680374209
195,1792, Bienvenido a Casa, Music,4.0,4.532667895591194
196,1187, It All Begins with a Date: Jewish Concerns about Intermarriage : Jewish Concerns about Intermarriage, Book,3.5,3.983255748366174
197,684," Path of Daggers (The Wheel of Time, 8)", Book,3.5,3.983120314562387
198,686, Soundstage: The Andy Kaufman Show, DVD,4.0,4.2404836902970064
199,2413, Catherine McAuley and the Tradition of Mercy, Book,3.5,4.122915690159865
200,1788," Before the Wilderness: Environmental Management by Native Californians (Ballena Press Anthropological Papers, No. 40)", Book,3.5,3.997497920583123
201,1157, Subterranean Jungle, Music,4.0,4.455003814652001
202,2005, Life Out of Death: The Feminine Spirit in El Salvador, Book,3.5,4.077305337189705
203,1096, Walkabout (1971 Film), Music,4.0,4.395219669557347
204,2626," White Light, Third Edition", Book,3.5,4.052520619511046
205,1049, Devil Hunter Yohko Collection 1, DVD,4.0,4.706385885262911
206,2402, The Seasons of a Woman's Life, Book,3.5,4.112999903305468
207,2117, Electronic Warfare in the Information Age, Book,3.5,4.090872697922228
208,2244, Bagpipes & Brass, Music,4.0,4.430241272520108
209,1718, Hungry, Music,4.0,4.575489706300909
210,1798, Ultimate Sticker Book : Animal (The Ultimate Sticker Book), Book,3.5,4.031845664498597
211,1511, The Boss, Music,4.0,4.365474444879535
212,1583, The Yes Album [Bonus Tracks], Music,4.0,4.539314808992018
213,378, Time and the Verb: A Guide to Tense and Aspect, Book,3.5,4.07801296821318
214,1683, Weird Al Yankovic - Live, DVD,4.0,4.150334042408884
215,140, Power & Greed: A Short History of the World, Book,3.5,3.751539539476201
216,24," The Casebook of Sherlock Holmes, Volume 2 (Casebook of Sherlock Holmes)", Book,3.5,2.4607831095474046
217,1002, Family Nurse Practitioner: Certification Review (Family Nurse Practitioner Certification Review), Book,3.5,4.03345565623928
218,2058, McNally's Alibi: An Archy McNally Novel (Archy McNally Novels), Book,3.5,4.113445693086716
219,1379, Alif Baa: Introduction to Arabic Letters and Sounds, Book,3.5,4.105649620139491
220,2669," In Focus Guatemala: A Guide to the People, Politics and Culture", Book,3.5,4.600116963331892
221,2065, The Tightwad Gazette III: Promoting Thrift as a Viable Alternative Lifestyle, Book,3.5,4.175903554469471
222,404, Charm School, Book,3.5,4.052672830016759
223,963, Convergent Architecture: Building Model Driven J2EE Systems with UML, Book,3.5,4.07997299289231
224,1473, The Camphor Flame, Book,3.5,4.109400652469752
225,453, Made in Japan, Music,4.0,4.312224296725363
226,1680," Experiences in Movement with Music, Activities, and Theory", Book,3.5,4.104607027136927
227,335, Beyond the Twin Deficits: A Trade Strategy for the 1990s, Book,3.5,4.058791858510158
228,1853, Kipper's Sunny Day: [Lift the Flap], Book,3.5,4.089567053810567
229,1432, The Triathlete's Training Diary for Dummies, Book,3.5,4.065236891130782
230,1674, Best of: Original Hits V.2, Music,4.0,4.508756344474346
231,1085," Working Beneath the Surface: Attending to the Soul's ""Hidden Agenda"" for Wholeness, Fulfillment, and Deep Spiritual Healing", Book,3.5,4.107942437805399
232,2552," The Everything Ghost Book: Spooky Stories of Haunted Houses, Phantom Spirits, Unexplained Mysteries, and More (Everything Series)", Book,3.5,3.8334447334474158
233,894, The Abacus : The World's First Computer System (Includes a Working Abacus), Book,3.5,3.828619848979893
234,1580, Tiny Bites: A Guide to Gastric Surgery for the Morbidly Obese, Book,3.5,4.015818741914481
235,1237," The Elephant in the Dark : Christianity, Islam and the Sufis", Book,3.5,4.113406300408702
236,1833, Danish: An Essential Grammar (Routledge Grammars), Book,3.5,3.929979938101312
237,363, Danzig III: How the Gods Kill, Music,4.0,4.535883412085141
238,2647," Being America : Liberty, Commerce, and Violence in an American World", Book,3.5,4.079344690251888
239,1615, Dragon Ball Z - Babidi - Rivals, DVD,4.0,4.4168906382266915
240,227, Lush Mechanique, Music,4.0,3.9972565196365175
241,303, The Vision, Book,3.5,3.8322653552437136
242,110, Casanova in Bohemia : A Novel, Book,3.5,4.029462094170622
243,807, Lacan and Language: A Reader's Guide to Ecrits, Book,3.5,4.025511624801097
244,1168, Blade Runner: Orchestral Adaptation Of Music Composed For The Motion Picture By Vangelis, Music,4.0,4.864215360615258
245,2572, Death of the Church, Book,3.5,4.033736065552635
246,2606," New Testament Apocrypha, Gospels and Related Writings", Book,3.5,4.103179038068019
247,1642, A Hint of Heather (Seduction Romance), Book,3.5,4.258800983666937
248,1937, Final Blackout, Book,3.5,4.14063061565756
249,2629, Chinese Houses and Gardens, Book,3.5,4.020461570436053
250,1199, Sunlight On The Lawn (Beverley Nichols Trilogy Book 3), Book,3.5,4.043111002039865
251,288, Unnatural Causes, Book,3.5,3.93043000100008
252,1061, Producing Vegetable Crops (5th Edition), Book,3.5,4.038765405205906
253,2114, Voices of the Doumbek, Video,4.0,4.561900126639575
254,472, Teachers' Messages for Report Cards: English-Spanish Edition, Book,3.5,3.6040703080637253
255,2235, Second Exodus, Book,3.5,4.031053317791782
256,886, Decorative Mini Murals You Can Paint, Book,3.5,4.11621154277084
257,1255," Now, Pt. 1", Music,4.0,4.233722147354403
258,2196, Lethal Weapon 3, DVD,4.0,4.437908723978591
259,2038, Fletch, DVD,4.0,4.388433800276022
260,42, Pixote, DVD,4.0,4.120670848552207
261,2033, Netsuke: Fantasy and Reality in Japanese Miniature Sculpture, Book,3.5,4.07116397019743
262,766, Essex Boys, Video,4.0,4.418612553116146
263,284, Brazil, Book,3.5,3.6364939927260065
264,930, Verdun, Music,4.0,4.41998611018265
265,1781, I Am Water (soy El Agua) Level 1 (Hello Reader), Book,3.5,4.087926440058018
266,1354, Bruce Lee's Fighting Method, Video,4.0,4.419243537688729
267,1082, Mulch Ado About Nothing : A Jane Jeffry Mystery (Jane Jeffry Mysteries (Paperback)), Book,3.5,4.089178804623703
268,1856, The Scarlet Empress - Criterion Collection, DVD,4.0,4.373162116424917
269,1598, Greatest Hits, Music,4.0,4.2537864545832225
270,698, On Becoming a Novelist, Book,3.5,4.003939935735442
271,1602, Buzz & Flutter's Big Electronic Game Book : Big Electronic Game Books (Readers Digest Young Families), Book,3.5,4.076225259264579
272,2158, Julian's Cell: The Earthy Story of Julian of Norwich, Book,3.5,3.9440211316787352
273,2455, Second Hand Smoke, Book,3.5,4.0961640045889
274,1808," Currency Derivatives : Pricing Theory, Exotic Options, and Hedging Applications (Wiley Series in Financial Engineering)", Book,3.5,4.035273852318323
275,559, The Archaeology of Ancient Israel, Book,3.5,3.867291724814384
276,1971, Quest: The Ultimate Sourcebook for Next to Nothing Adventure Travel, Book,3.5,4.106534868727305
277,2384," Women, Family and Society in Medieval Europe: Historical Essays, 1978-1991", Book,3.5,4.0959332095587975
278,2636," Chrismons, They Point to Jesus", Book,3.5,4.063154836775972
279,290," The Best of Famous Monsters of Filmland, Vol. #1", Book,3.5,3.449638272110278
280,1810, Laura's Album: A Remembrance Scrapbook of Laura Ingalls Wilder, Book,3.5,4.106398090028085
281,2508, Encounters in Ethnomusicology: A Memoir (Detroit Monographs in Musicology), Book,3.5,3.8944894991083605
282,2453, Wisconsin, Book,3.5,4.109118143281735
283,21, The Time Machine, DVD,4.0,4.860399691827622
284,362, What's Your Name, Music,4.0,4.3580151966614125
285,2407, Code Of Silence : The Andre Coppage Story, Book,3.5,4.183180980165218
286,690, The MAN WHO ONCE WAS WHIZZER WHITE : A PORTRAIT OF JUSTICE BYRON R WHITE, Book,3.5,4.0297116222507485
287,1433, Robin and Lucienne Day: Pioneers of Modern Design, Book,3.5,4.107363528148291
288,1659, Fundamentals of Engineering Thermodynamics Appendices, Book,3.5,3.92440823800761
289,158, John Wayne 2 Pack (The Man from Utah / The Star Packer / Sagebrush Trail / Riders of Destiny), DVD,4.0,4.60735666439181
290,321, What Happens After I Die?: Jewish Views of Life After Death, Book,3.5,4.086413351191251
291,167, Total Immersion, Book,3.5,3.9850487559155816
292,732," Education for Values: Morals, Ethics and Citizenship in Contemporary Teaching", Book,3.5,3.9749688478538663
293,371, Application of Chaos Theory to Psychological Models, Book,3.5,3.963236876278996
294,1947, A New Vision for Israel: The Teachings of Jesus in National Context (Studying the Historical Jesus), Book,3.5,4.090473936194385
295,2099, Chemistry for Dummies, Book,3.5,4.075435854974683
296,1018, Ruder Than You: Best of British Ska, Music,4.0,4.380969502372517
297,1831, Hanging On to Max, Book,3.5,4.050580094659246
298,952, The Rules of Silence, Book,3.5,3.9989420001152745
299,2284," Traetta - Antigona / Bayo, Panzarella, Allemano, Polverelli, Ragon, Les talens lyriques, Rousset", Music,4.0,4.4367006856922035
300,769, The Yellow Room, Music,4.0,4.382517739952553
301,1074, Scherzos (Music Scores), Book,3.5,4.031676830110728
302,9, Making Bread: The Taste of Traditional Home-Baking, Book,3.5,1.223772455340888
303,509, Flavors of St. Augustine: An Historic Cookbook, Book,3.5,3.917434744187211
304,300, Kaleidoscope (Doodle Art Super Tubes), Book,3.5,4.288110921485835
305,1023, Grayson's Diseases of the Cornea, Book,3.5,3.956955432370553
306,883, Dixie Carter's Unworkout, Video,4.0,4.245287004635552
307,1022, Bringing in a New Era in Character Education, Book,3.5,3.891092573292012
308,2631, X Raisons, Music,4.0,4.387740776354509
309,727, Teresa of Avila : The Progress of a Soul, Book,3.5,4.0649894006526175
310,261, The Harvard Design School Guide to Shopping / Harvard Design School Project on the City 2, Book,3.5,4.231845900754461
311,1860, Fieras Lunaticas, Music,4.0,4.464241894680054
312,156, Parrot Heads in Paradise, Video,4.0,4.3054278607035315
313,603, Everyones Sleepy, Book,3.5,3.6020151971701435
314,2145, Duino Elegies : A Bilingual Edition, Book,3.5,4.102256074490439
315,35, Burnt Toast on Davenport Street, Book,3.5,3.7629975038224464
316,1895, Beauty and the Beast Stickers (Dover Little Activity Books), Book,3.5,4.111879611673022
317,179, Africa Screams/Jack & The Bean, DVD,4.0,4.350679187091071
318,1564, Thug Disease [Lovin' Paper Music], Music,4.0,4.395659426219858
319,1996," Dragon Ball, Vol. 10", Book,3.5,3.8807427215997166
320,741, Chicken Soup for the Teenage Soul Journal (Chicken Soup for the Soul), Book,3.5,4.1163573986727755
321,2236, Plains, Music,4.0,4.600395006810325
322,890, Tab in the Ocean, Music,4.0,4.439829377201663
323,2175, Coldheart Canyon: A Hollywood Ghost Story, Book,3.5,4.105832399891364
324,2379, Bruce Chatwin : A Biography, Book,3.5,3.6198746440721474
325,596, American Patriot, Music,4.0,4.36499244935305
326,1574, A Playdate With Death (Mommy-Track Mysteries (Hardcover)), Book,3.5,4.471697315817666
327,2063, Gunfight at the O.K. Corral, Book,3.5,4.175903554469471
328,2618, Surprise!, Book,3.5,4.069713272891063
329,1494, The Signed English Starter (The Signed English Series), Book,3.5,4.063566708969715
330,1621, I Love Lucy - Season One (Vol. 4), DVD,4.0,4.377181905343805
331,502, Musicology and Difference: Gender and Sexuality in Music Scholarship, Book,3.5,4.347251532917692
332,588, Southern Slavery: As It Was, Book,3.5,3.964162010150885
333,1359," Specter of the Past (Star Wars: The Hand of Thrawn, Book One)", Book,3.5,3.731515243628197
334,2462, The Practical Gardener's Encyclopedia, Book,3.5,4.204974512645684
335,865, My Wife Doesn't Cook (A Survival Guide For Men), Book,3.5,4.169578208939193
336,2347, King's Christmas Collection, Music,4.0,4.575054751546217
337,6, How the Other Half Lives: Studies Among the Tenements of New York, Book,3.5,3.0425885117739946
338,2132, Art for Dummies, Book,3.5,3.942710054752846
339,545, The Helix Factor II : The Implementer's Edition, Book,3.5,4.045261588160352
340,1772," Looking Out, Looking In", Book,3.5,4.0031784700654836
341,1754," Boarders Away, Volume II: Firearms of the Age of Fighting Sail", Book,3.5,4.098018399408616
342,2650, The Calling: Celebrating Sarah Vaughan, Music,4.0,4.099867685388961
343,1257, The Sinatra Files : The Secret FBI Dossier, Book,3.5,3.8941557733885377
344,1910," The Complete Illustrated Guide to Woodworking - Three Volume Set: The Complete Illustrated Guide to Shaping Wood, The Complete Illustrated Guide to Furniture and Cabinet Construction, and The Complete Illustrated Guide to Joinery", Book,3.5,4.197889684037483
345,1091, Human Measure: Social Thought in the Western Legal Tradition, Book,3.5,4.0752188433813625
346,941," Will I [US CD/12""]", Music,4.0,4.314042378760952
347,73, The Perfect Plan (7th Heaven), Book,3.5,3.9839810767583708
348,663, Los Angeles Wedding Planner, Book,3.5,4.0374122456747905
349,2007, Heart of Darkness: With the Congo Diary (Penguin Classics), Book,3.5,4.05996811993832
350,194, Viva La Monkeysuit, Book,3.5,2.77782918225074
351,2232, Steve Wariner, Music,4.0,4.43734673288996
352,465, Awake and Breathe, Music,4.0,4.39727124462032
353,887," Pak Proxy War: A Story of ISI, bin Laden and Kargil", Book,3.5,4.206833039287799
354,421, Japanese Designs (Dover Pictorial Archive Series), Book,3.5,4.012249418795378
355,1069, Best of Shari Lewis' Lamb Chop & Friends, Video,4.0,4.402562540524155
356,1357, David's Story: A Book About Surgery (Meeting the Challenge), Book,3.5,4.320390576894887
357,1462, Best Easy Day Hikes Grand Teton, Book,3.5,3.885709785996199
358,2320, Making Music with Your Computer 2E, Book,3.5,4.279102477164866
359,1370, Architects' Data, Book,3.5,4.011601698791965
360,2094, Madonna (Pop Culture Legends), Book,3.5,4.012955842348605
361,832, Magick Stamp Kit, Book,3.5,3.914843652898249
362,610, Calli's Outlaw, Book,3.5,4.067294735795103
363,2433, Gourmet Paris 2002, Book,3.5,4.035694572953366
364,1594, Lorenzo 1997: L'Albero, Music,4.0,4.401158881815741
365,854, The Fearless Executive, Book,3.5,4.028369094197593
366,64, A Charlie Brown Christmas, Book,3.5,3.941840843362326
367,659," Identity, Vol. 2", Music,4.0,4.277069335937291
368,1189, Eye Spy Colors (Peephole Books) (Peephole Books (Charlesbridge)), Book,3.5,3.97189202141354
369,1821, Hemingway's Quarrel With Androgyny, Book,3.5,3.9968013975506707
370,1799, Ipsis Quest, Music,4.0,4.377843765295655
371,352, Motown Party, Music,4.0,4.415806266439057
372,1608, Rag & Bone Buffet, Music,4.0,4.260287637897784
373,51, Out on the Edge: A Wake-Up Call for Church Leaders on the Edge of the Media Reformation, Book,3.5,3.928859409085922
374,1657, Two Tenors & Qantara: Historic Live Recording of Arabic Masters, Music,4.0,4.234613079818918
375,2261, Biblia Del Diario Vivir, Book,3.5,3.9901284119118587
376,1244," ""The Times"" Book of Quotations", Book,3.5,3.888790743523776
377,2544, Rich Man's Coffin, Book,3.5,4.1402016466025735
378,2332, Hula Workout for Weight Loss, Video,4.0,4.388827006720847
379,1362, An Italian in America, Book,3.5,4.0761897331873325
380,1109, Introducing Camus (Introducing...(Totem)), Book,3.5,4.287303184232211
381,1129, Rick Springfield - Greatest Hits...Alive, Music,4.0,4.357483807008512
382,1729, Cahiers de Droit Fiscal International:Form and Substance in Tax Law (Cahiers De Droit Fiscal International), Book,3.5,4.00902223279106
383,1735, Tornadoes, Book,3.5,4.4258162000630605
384,885, Insights of Genius: Imagery and Creativity in Science and Art, Book,3.5,3.6856149724885
385,576, Society: The Basics, Book,3.5,4.351728448476377
386,897, Recycled, Music,4.0,4.466724883622405
387,1185, One Sleepy Baby (Growing Tree), Book,3.5,3.882087425987623
388,244, Phonics Pathways, Book,3.5,3.371155372646936
389,1032, German Medieval Armies 1000-1300 (Men-at-Arms Series), Book,3.5,3.896169500752033
390,1499, Creative Dance for All Ages: A Conceptual Approach, Book,3.5,4.072517729848935
391,293, Riddle, Music,4.0,4.28676560336249
392,2457, The Devil's Lane: Sex and Race in the Early South, Book,3.5,3.9276678160836513
393,2598, Pulsed Neural Networks (Bradford Books), Book,3.5,4.129286743859488
394,1984, Advanced Microprocessors, Book,3.5,4.3776058464567065
395,1630, Fear No Evil (St. Martin's True Crime Library), Book,3.5,4.221179605141144
396,1302, MWSS : Object-Oriented Design in Java (Mitchell Waite Signature Series), Book,3.5,4.090494184898272
397,1136," You Are That! Satsang With Gangaji, Volume 2 (You Are That!)", Book,3.5,4.112400651540926
398,67, Picture Me With My Friend Jesus: Girl Version (Picture Me), Book,3.5,3.9912677200321167
399,1267, Back Stage, DVD,4.0,4.378271834484133
400,905, Yudo: Korean Judo, Video,4.0,4.44482396929628
401,172, Cherokee Bat and the Goat Guys (Weetzie Bat), Book,3.5,4.060986625958933
402,2291, Let's Wiggle, Music,4.0,4.43079939037958
403,391," The Gospel of Peace, According to Guru Granth Sahib", Book,3.5,4.013638439843238
404,1060, Future of the Disabled in Liberal Society: An Ethical Analysis (Revisions), Book,3.5,4.0456439131243
405,1901," Verdi - Otello / Domingo, Studer, Leiferkus, Vargas, D. Graves, Schade, D'Arcangelo, Chung", Music,4.0,4.383964288556355
406,1879, Deadbeat at Dawn (Special Edition), DVD,4.0,4.49351612996657
407,1907, Great Works For Harp, Music,4.0,4.378402643146652
408,532, Evangelism And Missions, Book,3.5,3.4237427005827095
409,2338, Pete Moulton's A+ Training Course: A Digital Seminar on CD-ROM (2nd Edition), Book,3.5,3.9759348584479874
410,2072, 15 Grandes Exitos de Nicola Di Bari en Espanol, Music,4.0,4.44330467665621
411,1530, Punktown, Book,3.5,4.072534407581486
412,92, Black No More : A Novel (Modern Library (Paperback)), Book,3.5,3.9405702504668327
413,986, Little Miss Dynamite [Bear Family], Music,4.0,4.430940122953075
414,101, Separation Of Power, Book,3.5,4.068966429777033
415,318, Take Me Out to the Ballpark: A Baseball Watcher's Guide to the Game, Book,3.5,4.1787684567459635
416,2521, Easter Crack-Ups: Knock-Knock Jokes Funny-Side Up (Lift-the-Flap Knock-Knock Book), Book,3.5,4.117489590780969
417,1496, Live for Now, Music,4.0,4.43560786538554
418,1935, celtic groove brand, Music,4.0,4.427304862136822
419,740, The Long Life Cookbook : Delectable Recipes for Two (Long Life Book), Book,3.5,4.047705183304782
420,939, Titanic, Video,4.0,4.471132549015779
421,313, Diversity: The Invention of A Concept, Book,3.5,3.9520323112161546
422,2517, Sound of a Miracle: A Childs Triumph over Autism, Book,3.5,4.09736188420052
423,1946," Chojun Miyagi Goju Ryu Karate Do Body, Mind & Spirit", DVD,4.0,4.473065712297297
424,1236, The Failure of Presidential Democracy : The Case of Latin America (Failure of Presidential Democracy), Book,3.5,4.049672311852084
425,2199, Nato's Air War for Kosovo: A Strategic and Operational Assessment (Project Air Force Series on Operation Allied Force), Book,3.5,3.6259851318008844
426,2432," The Church We Believe in: One, Holy, Catholic, and Apostolic", Book,3.5,4.071150132648786
427,614," Building Machines (Pamphlet Architecture, No 12)", Book,3.5,4.100763518367449
428,1167, Timeless Sound, Music,4.0,4.414633417384035
429,896, An Intellectual History of Psychology, Book,3.5,3.9057260578149653
430,1893, Dvorak: Symphonies Nos. 7-9; Smetana: The Moldau, Music,4.0,4.595696478990655
431,1770, Amethyst Rock Star, Music,4.0,4.404472917002327
432,367, Fresh Meat, Music,4.0,4.395608523165979
433,1599, The Compact History of the Catholic Church, Book,3.5,4.010631493080783
434,1296, Mosaics: Design Sourcebook (Design Sourcebooks), Book,3.5,3.8765172515515034
435,2352, How Democracy Will Elect the Antichrist, Book,3.5,4.170859204161097
436,2448, Financial Success : Harnessing the Power of Creative Thought, Book,3.5,3.9243553119242915
437,136," Understanding Islam: An Introduction to the Muslim World, Third Revised and Updated Edition", Book,3.5,3.9032841581505906
438,2613, Classics for a Sunday Morning, Music,4.0,4.381554187987222
439,2414, The Legend of Freedom Hill, Book,3.5,4.108937424196849
440,2056, Body and Soul [Bonus Tracks], Music,4.0,4.423090355004362
441,626, Real-World Readings in Art Education: Things Your Professor Never Told You (Garland Reference Library of Social Science), Book,3.5,4.1753052550202625
442,611, Berlitz China (Berlitz Pocket Guides), Book,3.5,3.9119969081732084
443,178, They Walked With Jesus: Past Life Experience With Christ, Book,3.5,3.9589680281911392
444,1062, Car Insurance Secrets, Book,3.5,4.054661729418054
445,1800, Light House, Book,3.5,3.9323246798523597
446,1171, Eighty Great Natural Shade Garden Plants (Ken Druse's Natural Garden Guides), Book,3.5,3.799212369448713
447,750, Emotions and Fieldwork (Qualitative Research Methods), Book,3.5,4.088955660475118
448,27, The Columbia Anthology of Gay Literature, Book,3.5,3.928288542549074
449,640, New Haven Negroes: A Social History, Book,3.5,3.9600920274015263
450,948, Impurity, Music,4.0,4.410237505453084
451,1541, From Inquiry to Argument, Book,3.5,4.116518256189236
452,703, Semiconductor Sensors, Book,3.5,4.041589234210816
453,49, Murder She Wrote, Music,4.0,4.4275373915281895
454,1824, Modern Psychotherapies: A Comprehensive Christian Appraisal, Book,3.5,4.028897968558379
455,2568," Choose Florida For Retirement, 2nd Edition (Choose retirement)", Book,3.5,4.001731846961825
456,819, Stalker, DVD,4.0,4.350540512326365
457,2083, The Sandor Ferenczi-Georg Groddeck Correspondence 1921-1933, Book,3.5,3.889274351855238
458,968, J.M.W. Turner, Book,3.5,4.108437907676585
459,1675, Tex Mex 101, Book,3.5,4.285805380255415
460,2092, All About Love/Magnificent Obsession, Music,4.0,4.37549574314469
461,84, The Best of Schoolhouse Rock! - 30th Anniversary Edition, Video,4.0,4.410135566207142
462,2049, Tango Magic, Video,4.0,4.3750791671191145
463,1351, Serie 2 Em 1 V.1, Music,4.0,4.3772121496480825
464,419, Your Cosmic Kids: Using Astrology to Understand Your Children, Book,3.5,4.090428299092961
465,2017, The Very Best of Sting and the Police, Book,3.5,4.292020469383058
466,1565, Billy Joel - The Essential Video Collection, DVD,4.0,4.390871267510391
467,700, On Ethics and Economics, Book,3.5,4.0147447625294
468,474, A Simple Path, Book,3.5,4.143594567680436
469,1986, Turnagain Ptarmigan! Where Did You Go?, Book,3.5,4.0905263101088085
470,1212, Classics in Group Psychotherapy, Book,3.5,4.121321983108377
471,1465, Life Without Guilt: Healing Through Past Life Regression, Book,3.5,4.104055450579146
472,2, Candlemas: Feast of Flames, Book,3.5,4.181408149219688
473,2395, Lady for a Night, Video,4.0,4.5147465100837145
474,8, Losing Matt Shepard, Book,3.5,4.6701863186355395
475,1119, Cars Trucks & Trains, Music,4.0,4.35935619149102
476,835, Gospel in Esther, Book,3.5,4.0811696974623555
477,1186, Uniting Church and Home Conference Album, Book,3.5,3.87927022838686
478,1597, Rhythm of the Ocean, Music,4.0,4.314544076107149
479,406, The Taoist Experience: An Anthology (S U N Y Series in Chinese Philosophy and Culture), Book,3.5,4.093497486117
480,392, Elementary Number Theory (Student's Solution Manual), Book,3.5,3.906457699704888
481,2547, The Art of Spiritual Guidance, Book,3.5,4.131671604434256
482,343, Term Sheets & Valuations - A Line by Line Look at the Intricacies of Venture Capital Term Sheets & Valuations (Bigwig Briefs), Book,3.5,4.0871293500986425
483,72, Power of Flowers: An Archetypal Journey Through Nature, Book,3.5,3.9026315240204092
484,541, Forgetting Whose We Are: Alzheimer's Disease and the Love of God, Book,3.5,3.967147195507762
485,448, Making Change Happen : Practical Planning for School Leaders, Book,3.5,3.1582987886524614
486,1254, Invisible Harmony: Essays on Contemplation and Responsibility, Book,3.5,4.105290945219409
487,2197, MCSA/MCSE 2000: Windows 2000 Professional (70-210) PASS-IT Exam Preparation, Book,3.5,4.034388194725221
488,2098, Oxford Dictionary of English Etymology, Book,3.5,3.92008744457774
489,1202, The Martian Chronicles, Book,3.5,3.872352134553576
490,2247, Fibonacci's Liber Abaci, Book,3.5,4.118405594337787
491,1890, Breath from Another, Music,4.0,4.396516370724736
492,924, Witness: Systematic Theology (Systematic Theology (Abingdon)), Book,3.5,4.108675096236519
493,2537, Raising Kids to Love Jesus: A Biblical Guide for Parents, Book,3.5,4.144777197179529
494,129, Cpt 2003: Current Procedural Terminology (Cpt / Current Procedural Terminology (Standard Edition)), Book,3.5,4.039727136132013
495,1491, Cujo, DVD,4.0,4.357255478674876
496,2429, Advanced Financial Accounting, Book,3.5,4.027464397350366
497,483, Stardust, Music,4.0,4.399067307336127
498,2640, The Interfacers, Book,3.5,4.404532024975817
499,1421, Human Personality and Its Survival of Bodily Death (Studies in Consciousness), Book,3.5,4.108270033344446
500,1110, The Amethyst Heart, Book,3.5,4.190483910019541
501,115, Growing Millionaire Kids, Book,3.5,3.927625703354298
502,975, Secret Service Agent/Uniformed (Passbooks for Career Opportunities), Book,3.5,4.069657191886011
503,2254, Wars of Watergate: The Last Crisis of Richard Nixon, Book,3.5,3.9232687618668716
504,631, The Essential Baking Cookbook (The Essential Series), Book,3.5,3.7735318803267384
505,2271, Breakthrough, Book,3.5,3.9892665097200184
506,977, Architecture for Education: New School Designs from the Chicago Competition, Book,3.5,4.075018117881147
507,2177, Dog Training in 10 Minutes (Howell Reference Books), Book,3.5,4.123146219268056
508,1004, The Best of Keola and Kapono Beamer, Music,4.0,4.023181473946746
509,1346, A Country Doctor (Bantam Classic), Book,3.5,4.113895438486221
510,836, Serpieri the Sweet Smell of Woman, Book,3.5,3.8934806186040416
511,2134, Tennis: Olympic Handbook of Sports Medicine, Book,3.5,4.080849523050709
512,1738, KJV Large Print Text Edition Hardback (Authorized King James Version), Book,3.5,4.230076677671345
513,1374, Darkness Descends, Music,4.0,4.421740767455516
514,2241, How to Prepare for the Advanced Placement Exam Physics B (Barron's How to Prepare for the Advanced Placement Examination. Physics B), Book,3.5,3.9591134722582386
515,1573, Fragile [Bonus Tracks], Music,4.0,4.431392525648768
516,678, Policy on Geometric Design of Highways and Streets 2001, Book,3.5,3.959489095227022
517,689, Labour and Locality: Uneven Development and the Rural Labour Process (Critical Perspectives on Rural Change Series IV), Book,3.5,4.071038159249731
518,810," Ev'Ry Time I Feel the Spirit: 101 Best-Loved Psalms, Gospel Hymns, and Spiritual Songs of the African-American Church", Book,3.5,4.089555011252964
519,987, PCMCIA Software Developer's Handbook, Book,3.5,3.7224550376148975
520,1246," Uses of the Other: ""The East"" in European Identity Formation (Borderlines)", Book,3.5,4.031328976253871
521,1934, New Millennium Hip-Hop Party, Music,4.0,4.431104626014891
522,602, Countdown to Extinction, Music,4.0,4.381133663566233
523,1956, GRE Prep Course (with Software), Book,3.5,4.042804225957368
524,424, Andrea Palladio 1508-1580: Architect Between the Renaissance and Baroque (Big Series), Book,3.5,3.611740527914882
525,108, General Ophthalmology, Book,3.5,4.11907705851481
526,282, Son of the Mob (Son of the Mob (Hardcover)), Book,3.5,4.1033216513844515
527,2217, Dear God: Prayers for Families With Children, Book,3.5,4.124730917550041
528,411, Rachel's Song, Music,4.0,4.355341743175515
529,676, In The Big Band Mood, Music,4.0,4.44292285633319
530,1330, Is He Gay? : For Every Woman Who's Met the Ideal Man and is Wondering...Why Hasn't he Tried to Kiss Me?, Book,3.5,4.031823784622679
531,2062, He Reigns/Thrive, Music,4.0,4.41319489239959
532,1321, Christmas Cats and Dogs: Quilts to Celebrate the Season (That Patchwork Place), Book,3.5,3.9796441212697693
533,1961, Down Time: Great Writers on Diving, Book,3.5,4.08549380722768
534,1377, Irrationality: Why We Don't Think Straight!, Book,3.5,4.092381872229723
535,2535, The Glass Menagerie CD, Book,3.5,3.90874507264341
536,873, Justinian's Institutes: A Parallel Text and Transaltion, Book,3.5,4.106062223999418
537,2421, Killing Blow:  Errand of Vengeance Book Two (Star Trek The Original Series), Book,3.5,4.11345827705059
538,909, Bridges of Song-Music of the Spanish Jews of Morocco, Music,4.0,4.411933677673659
539,360, Danzig II: Lucifuge, Music,4.0,4.4195650096251935
540,1194," Monteverdi - L'Incoronazione di Poppea / Jacobs, Concerto Koln", DVD,4.0,4.40886297137058
541,2645, Robert Oppenheimer: Letters and Recollections (Stanford Nuclear Age Series), Book,3.5,3.854690615816209
542,2579," Twisters! (Step-Into-Reading, Step 3)", Book,3.5,4.095189296993826
543,1277, Intimate Loving: Seduction For Lovers, Video,4.0,4.4094545643714405
544,1999, Bullets Over Broadway: Music From The Motion Picture, Music,4.0,4.312903130031668
545,2601, Toujours moi, Music,4.0,4.401883319514914
546,1467, Food Combining Cookbook, Book,3.5,4.131507575231561
547,707, Woodlands in Cross Stitch (Cross Stitch Ser), Book,3.5,4.435573968565596
548,1628, Top-Down Network Design, Book,3.5,3.9636404113663883
549,242, Wire Fox Terrier: A Complete and Reliable Handbook (Rx-100), Book,3.5,4.038671650648414
550,617," So, Who Do You Think You Are?: Face Your Wounds, Heal Them, and Change Your Life", Book,3.5,4.028550853948159
551,667, Atlas of Approaches for General Surgery of the Dog and Cat, Book,3.5,4.062459884482298
552,1655," Latin Oldies, Vol. 4", Music,4.0,4.5076935481401055
553,2325, The Consultant's Big Book of Organization Development Tools : 50 Reproducible Intervention Tools to Help Solve Your Clients' Problems, Book,3.5,4.306995466139728
554,627, Prophecies of the Bible, Book,3.5,4.281496284739529
555,1595, The Disciplined Online Investor, Book,3.5,3.9921682690647757
556,420," Doomed Planet (Mission Earth, Vol 10)", Book,3.5,4.207386914089859
557,2234, After Dark, Book,3.5,3.9675615539723097
558,317, Roadside (2001 Off-Broadway Cast), Music,4.0,4.025233207000845
559,2009, Crippled Giant: Nigeria Since Independence, Book,3.5,3.915527392656317
560,2374, Oppenheim Toy Portfolio Baby & Toddler Play Book (Second Edition) (Oppenheim Toy Portfolio Baby & Toddler Play Book), Book,3.5,3.887711316458733
561,345, Corrections in America: An Introduction (9th Edition), Book,3.5,4.08087453229855
562,1319, Diana Ross [1970] [Bonus Tracks], Music,4.0,4.458043437745187
563,301," Slowing Down to the Speed of Life: How To Create A More Peaceful, Simpler Life From the Inside Out", Book,3.5,3.912394889517563
564,1992, Joni Mitchell: Painting with Words and Music, Video,4.0,4.348194283765151
565,1900, The Boy in the Burning House, Book,3.5,4.416710280039236
566,1554," Lake Street, U.S.A.", Book,3.5,4.063677058228727
567,1881," Bad Girl's Three-Book Set: Bad Girl's Guide to the Open Road, Bad Girl's Guide to Getting What You Want, Bad Girl's Guide to the Party Life", Book,3.5,3.897747283936211
568,1653, Graveyard Shift, DVD,4.0,4.349080524839154
569,911, Care of the Soul: A Guide for Cultivating Depth and Sacredness in Everyday Life, Book,3.5,4.191874448007587
570,1618, Dead Heart, Video,4.0,4.377181905343805
571,1273, Earth Wind & Fire - Live, DVD,4.0,4.348446676445997
572,2532, Atlas Shrugged, Book,3.5,4.048792233738427
573,422, Mercedes (2-Volumes in 1 Book), Book,3.5,3.8034713651929386
574,2307, The Epistles to the Thessalonians: A Commentary on the Greek Text (New International Greek Testament Commentary), Book,3.5,4.093644989707347
575,1514, Design Modeling with Pro/ENGINEER (Release 2001), Book,3.5,4.03766574045369
576,2611, Study of History (Study of History), Book,3.5,3.9804611638150544
577,857," Radio Science Observing, Vol. 2", Book,3.5,4.07029166456818
578,1279, Biology: Principles and Explorations, Book,3.5,3.8898616933744
579,50, Still Life, Music,4.0,4.355584421582547
580,1228," Custer, Black Kettle, and the Fight on the Washita", Book,3.5,3.9600412575036157
581,60," Renaissance Music: Music in Western Europe, 1400-1600 (Norton Introduction to Music History)", Book,3.5,3.852179516029605
582,645," Chinese Country Antiques: Vernacular Furniture and Accessories, C. 1780-1920", Book,3.5,4.074254037477173
583,1535, Verdi - Stiffelio / Carreras · Sass · Manuguerra · Ganzarolli · ORF Symphony Orchestra and Chorus Vienna · Gardelli, Music,4.0,4.407130895806214
584,1629, A Handbook of World Trade, Book,3.5,4.064657706998391
585,1311, Beyond Prozac : Antidotes for Modern Times, Book,3.5,4.119090175474031
586,1864, A Traveller's History of Australia (The Traveller's History Series), Book,3.5,3.93187166266476
587,2116, Powerplay (NC-17), Video,4.0,4.384536760411574
588,2592, The Letter of James (Pillar New Testament Commentary), Book,3.5,4.245718478880097
589,754, The Five Heartbeats, Video,4.0,4.415564809512173
590,229, Bob Newhart - Button Down Concert - Off the Record, Video,4.0,4.429382545612452
591,1983," WTO Disputes: Anti-Dumping, Subsidies & Safeguards", Book,3.5,3.953430657246433
592,1139, Believing in Jesus: A Popular Overview of the Catholic Faith, Book,3.5,4.059779980228214
593,1415, Christmas at the Pops [RCA], Music,4.0,4.393490272366412
594,493, Procedures for Primary Care Providers, Book,3.5,4.0840112160001
595,1243," Japanese Schooling: Patterns of Socialization, Equality, and Political Control", Book,3.5,3.9019810795631202
596,2333, Committed, Music,4.0,4.386313039258834
597,1095, The Golden Chance, Book,3.5,4.155448981221932
598,2447, Victorian Dwellings for Village and Country (1885) (Dover Books on Architecture), Book,3.5,4.261502157157604
599,605, Dark Specter (Vintage Crime/Black Lizard), Book,3.5,3.606908225800408
600,1323, Twice Pardoned, Book,3.5,4.137289790879642
601,2608, Christmas in Morning After: Celebration in Brass, Music,4.0,4.3858315716127585
602,2057, Java Connector Architecture: Building Enterprise Adaptors, Book,3.5,4.228851792267514
603,1658, Brands in the Balance: Meeting the Challenges to Commercial Identity, Book,3.5,3.8144418873847092
604,649, Cowboy Bebop - Session 2, DVD,4.0,4.3876790354081034
605,2646, Arab-Israeli Air Wars 1947-1982 (Osprey Combat Aircraft 23), Book,3.5,4.059623942313857
606,675, Generation Xercise! Debra Minghi's Cardio DJ Club Workout, Video,4.0,4.336488389320694
607,1066, Public Life in Renaissance Florence (Cornell Paperbacks), Book,3.5,4.107337907438055
608,1863, Witness Guide for Deposition or Court, Book,3.5,4.115091885441796
609,1137, Born in the U.S.A.: Bruce Springsteen and the American Tradition, Book,3.5,4.077811943915816
610,1356, The Power of Silence: Social and Pragmatic Perspectives (Language and Language Behavior), Book,3.5,4.085602052882235
611,2322, Forensic Engineering Investigation, Book,3.5,4.2885062787926245
612,68, Experiencing and the Creation of Meaning: A Philosophical and Psychological Approach to the Subjective (Studies in Phenomenology and Existential Philosophy), Book,3.5,4.053291543249593
613,1885," Beethoven: Symphonies Nos. 1, 2, 4, 5", Music,4.0,4.42337532097201
614,1172, Another Page, Music,4.0,4.383106448801583
615,1692, Paris to the Moon, Book,3.5,4.482102774151354
616,1417, Tomatoes from Mars, Book,3.5,4.2055448205501555
617,2633, Handbook of Electrostatic Processes, Book,3.5,4.109495119467557
618,1192, Teradata Users Guide: The Ultimate Companion, Book,3.5,3.822894403821597
619,1523, Introductory Econometrics: A Modern Approach, Book,3.5,4.122978895595913
620,564, Do Re Mi (1999 Broadway Revival Cast), Music,4.0,4.4049720011651345
621,2257, Del Amanecer, Music,4.0,4.312839015497451
622,1072, Tiger on the Brink: Jiang Zemin and China's New Elite, Book,3.5,4.0437247402005685
623,1224," How to Make Smart Decisions About Training: Save Money, Time, & Frustration", Book,3.5,4.036174460349304
624,1134, How Many? (Photoflaps), Book,3.5,4.249281519774206
625,2356, Highly parallel computing (The Benjamin/Cummings series in computer science and engineering), Book,3.5,4.444031076391292
626,186," Too Loud, Too Bright, Too Fast, Too Tight:  What to Do If You Are Sensory Defensive in an Overstimulating World", Book,3.5,3.96890468072937
627,881, The Legend of Pfizer, Book,3.5,3.989380674967155
628,1280, Alias Boona, Music,4.0,4.341079195355464
629,2518, Order of the Leech, Music,4.0,4.498923354279967
630,1391, Working in the Dark: Reflections of a Poet of the Barrio, Book,3.5,4.0362263815552435
631,319, Cowboy, Music,4.0,4.209823941126427
632,861, Karen Voight - Energy Sprint, Video,4.0,4.248671117809758
633,1003, Finding Your Voice : Learning to Lead . . . Anywhere You Want to Make a Difference, Book,3.5,3.7694306441355407
634,295, Inventing Criminology: Essays on the Rise of Homo Criminalis (S U N Y Series in Deviance and Social Control), Book,3.5,4.012471950529973
635,907, Face2Face with babies, Video,4.0,4.452079962834059
636,573, One Flew Over the Cuckoo's Nest, Book,3.5,4.461612684409291
637,1314," Men and Popular Music in Algeria: The Social Significance of Rai (Modern Middle East Series (Austin, Tex.), No. 20.)", Book,3.5,4.016487997699713
638,1123," Slang and Euphemism: A Dictionary of Oaths, Curses, Insults, Ethnic Slurs, Sexual Slang and Metaphor, Drug Talk, College Lingo, and Related Matters (Signet Reference)", Book,3.5,3.990066430523884
639,2162, The Kitchen Idea Book (Idea Book), Book,3.5,4.1218295626818815
640,2245," The Spanish Redemption: Heritage, Power, and Loss on New Mexico's Upper Rio Grande", Book,3.5,4.117663610221015
641,1412, Holiness : Rabbinic Judaism in the Graeco-Roman World (Religion in the First Christian Centuries), Book,3.5,3.925498689244846
642,2216, The Four Books on Architecture, Book,3.5,4.0598194809327115
643,198, Imitation of Christ, Book,3.5,3.740575286471675
644,2435," Communication for Business and the Professions, 7th edition", Book,3.5,4.095400039365709
645,786, Freedom's Lawmakers: A Directory of Black Officeholders During Reconstruction, Book,3.5,3.6493232156483253
646,2022," Essential Fatty Acids in Health & Disease : Using the Essential Fats w3 and w6 to Improve Your Health, Lower Your Cholesterol, and Prevent Cardiovascular Disease", Book,3.5,4.0775106218294805
647,2293," In Good Company: The Fast Track from the Corporate World to Poverty, Chastity, and Obedience", Book,3.5,4.133848671993821
648,85, Amamantar Sencillo y Puro, Book,3.5,4.420741407961829
649,1309, Freddy's Nightmares: Freddy's Tricks and Treats, Video,4.0,4.213894438074794
650,1360, An Introduction to the Theory of Numbers, Book,3.5,4.051424953407277
651,639," Modern Oral Amdo Tibetan: A Language Primer (Studies in Linguistics and Semiotics, 5)", Book,3.5,3.9789088987951495
652,1995, Handbook of Bond Dissociation Energies in Organic Compounds, Book,3.5,3.8807427215997166
653,1420, Swords of the Legion (Videssos Cycle), Book,3.5,4.077689257418971
654,682, Mystery Science Theater 3000 - The Brain That Wouldn't Die, DVD,4.0,4.40118852038157
655,354, Clarissa and the Countryman Sally Forth, Book,3.5,4.006173912477417
656,1850, The Case of the Cheerleading Camp Mystery (The New Adventures of Mary-Kate & Ashley #17), Book,3.5,4.089773013289637
657,1611, Purification of the Mind; Discourses by Abdul Qadir Gilani, Book,3.5,3.835040498678994
658,485, Nova's Ark, Book,3.5,4.046029615332518
659,1392, Mellow Gold [CLEAN VERSION], Music,4.0,4.38292891350102
660,1329, Miracle of Marriage, Book,3.5,4.070539981392553
661,246, One More Night, Music,4.0,4.410893740090751
662,827, Faith in a Mustard Seed, Book,3.5,4.041063968247483
663,1787, Black Stallion and Satan (Black Stallion Series), Book,3.5,4.318257222529478
664,2634, Paul McCartney Paintings, Book,3.5,4.224518818970445
665,2410, Fundamentals of Mathematics for Health Careers (Health Occupations Series), Book,3.5,3.8499875792466125
666,1046, The Three Armadillies Tuff, Book,3.5,3.9562179229616894
667,2405," States, Nations and Nationalism: From the Middle Ages to the Present (Making of Europe)", Book,3.5,3.6969870584682654
668,2323," A+ Exam Cram 2 (Exam Cram 220-221, Exam Cram 220-222)", Book,3.5,3.7453168002334594
669,1087, Peterson's Two-Year Colleges 2003/Four-Year Colleges 2003 (Peterson's Annual Guides to Undergraduate Study), Book,3.5,4.082436066082627
670,1446, Secret Obake Casebook, Book,3.5,3.8145093336379445
671,359, Best of Smooth Jazz, Music,4.0,4.404708549472264
672,2205, Functional Genomics: A Practical Approach (Practical Approach Series), Book,3.5,3.815486500448904
673,616, The Best of Fattburger, Music,4.0,4.4064197584500935
674,1070, I Believe [Single], Music,4.0,4.347444474180655
675,1899, The Stations of the Cross With Pope John Paul II, Book,3.5,3.8602483068490483
676,2129, The Drive, Video,4.0,4.440189590257699
677,181, Legacy: The Search for Ancient Cultures, Book,3.5,3.665203191192883
678,1290, Oxford Textbook of Psychopathology, Book,3.5,4.080234215187305
679,2176, Homeopathy: Science or Myth?, Book,3.5,4.212260403701393
680,264," How to Get Filthy, Stinking Rich and Still Have Time for Great Sex! :  An Entrepreneur's Guide to Wealth and Happiness", Book,3.5,4.016116010119145
681,1176, Sacramental Guidelines: A Companion to the New Catechism for Religious Educators, Book,3.5,4.1902962283468845
682,2237, The Promised Land (Modern Library Classics), Book,3.5,4.079033828777387
683,2186, James Taylor: Long Ago and Far Away, Book,3.5,3.6604462578222203
684,634," The Classic Dolci of the Italian Jews, A World of Jewish Desserts", Book,3.5,3.7448106804395374
685,508, Business Start-up Handbook, Book,3.5,3.917434744187211
686,984, Into the Widening World: International Coming-Of-Age Stories, Book,3.5,4.190695314293908
687,1229, Beethoven & Brahms: Violin Concertos, Music,4.0,4.4306100889305124
688,2273, The Soldier's Load and the Mobility of a Nation, Book,3.5,4.004898900326458
689,1063," Indian Idea of Political Resistance: Aurobindo, Tilak, Gandhi, and Ambedkar", Book,3.5,4.086319795519644
690,1065, Eleanor of Aquitaine : A Life, Book,3.5,4.091673206869105
691,942, Even Now [Beemark], Music,4.0,4.410169556834452
692,202, The Go Go Dogs, Book,3.5,3.9799429142315277
693,706, A New Owners Guide to Cavalier King Charles Spaniels (New Owner's Guide To...), Book,3.5,4.002609386132371
694,1730, Lessons from Privilege: The American Prep School Tradition, Book,3.5,4.00902223279106
695,1140, Christmas Joy, Music,4.0,4.349434270584938
696,1829, Introductory Java for Scientists and Engineers, Book,3.5,3.8795017521210604
697,489, German : 2nd Ed. (Basic), Book,3.5,3.932932277432959
698,556, Simply Grand, Music,4.0,4.374292614909832
699,892, Fighting For Honor : Japanese Americans and World War II, Book,3.5,4.080211079065997
700,2016, Bridges, Music,4.0,4.454983155736292
701,1395, In Utero [Clean], Music,4.0,4.454041693067968
702,99, An Employee's Guide to Stock Options, Book,3.5,3.4967377756701814
703,2336, Forever, Music,4.0,4.337781111498902
704,2504, As Time Goes By, Music,4.0,4.351880112684352
705,547, The SECRET OF THE BULLS, Book,3.5,4.087337774586844
706,2616, Bill Evans - 19 Arrangements for Solo Piano, Book,3.5,4.1009722125160355
707,2071, Top Percussion, Music,4.0,4.406997279652208
708,2570, Looking for St. Tropez, Music,4.0,4.4014044486960255
709,515, Jazz Steppin', Music,4.0,4.397165641029442
710,1542, Big Book of Pocket Knives: Identification & Values (Big Book of Pocket Knives), Book,3.5,4.100156190122032
711,1993," Parodias Neo Politicas, Vol. 1", Music,4.0,4.372889152872872
712,2087, Sin Killer, Book,3.5,3.9243692590823698
713,752," Schubert, Haydn: Piano Trios; Mozart: Piano Quartet, K. 493", Music,4.0,4.3457486671370695
714,635, The Bear: An American Folk Song, Book,3.5,4.141333274184603
715,606, Glory for Sale: Inside the Browns' Move to Baltimore & the New NFL, Book,3.5,3.929012322912986
716,575, Queen's Own Fool : A Novel of Mary Queen of Scots, Book,3.5,4.1034899063757315
717,2389, Joy and Healing, Book,3.5,3.974512272309389
718,822, The Satanic Verses, Book,3.5,4.218947802537286
719,1733," A Call to Conscience : The Landmark Speeches of Dr. Martin Luther King, Jr.", Book,3.5,4.014661921740153
720,1577, Are Dragons Real?, Book,3.5,3.8655538216272167
721,2251, Ocular Surface Disease: Medical and Surgical Management, Book,3.5,3.976820851460174
722,825, The Faith Factor : Proof of the Healing Power of Prayer, Book,3.5,4.02699176194222
723,2566, Sin: Radical Evil in Soul and Society, Book,3.5,3.8048472764719543
724,1353," The Duel for France, 1944: The Men and Battles That Changed the Fate of Europe", Book,3.5,3.8679848139723725
725,520, Chet Baker Quartet Featuring Russ Freeman, Music,4.0,4.422109790177137
726,974, Soca Stampede: Ultimate Trinidad 1999 Hits, Music,4.0,4.377493002571391
727,1989, Laughter in the Dark (New Directions Paperbook), Book,3.5,4.116130402222623
728,2118, The Warren Court and the Pursuit of Justice, Book,3.5,4.120983089660292
729,1685, Fold Real Money into Real Cool Origami (Klutz Guides), Book,3.5,3.901055299038872
730,882, Which Lie Did I Tell? : More Adventures in the Screen Trade, Book,3.5,3.9372134139242836
731,1536," Living Pictures, Missing Persons : Mannequins, Museums, and Modernity", Book,3.5,4.093693927054797
732,1179, Temptation Eyes, Music,4.0,4.404454119062462
733,1847, Media and Democracy in Africa, Book,3.5,4.009009628202026
734,1242, Florida's Fabulous Trail Guide (Recreation Series), Book,3.5,3.8475506022632517
735,691, Your Amazing Newborn (A Merloyd Lawrence Book), Book,3.5,4.132772805245468
736,1954, The Joy of Pi, Book,3.5,4.062599345954831
737,320, Intimate Worlds, Book,3.5,4.0247831638889355
738,2028," Nikola Tesla - Lectures, Patents, Articles", Book,3.5,4.201287109986257
739,2605, The Mystery of the Lost Village (Boxcar Children Mysteries), Book,3.5,3.976055271255776
740,1616, Arabian Nights, DVD,4.0,4.406666441002869
741,932, Soulshaping: Taking Care of Your Spiritual Life Through Godly Disciplines, Book,3.5,4.08400147993461
742,2567, Project Orion: The True Story of the Atomic Spaceship, Book,3.5,3.8048472764719543
743,2144, Biochemistry Problem Book, Book,3.5,4.063956117919744
744,2317, Buddy Buddy, Video,4.0,4.376258577071361
745,330, Practical Skywatching (Nature Companion Series), Book,3.5,4.036981638783587
746,1513, Diana, Music,4.0,4.433275850949123
747,1363, High School Hazing: When Rites Become Wrongs (Single Title: Teen), Book,3.5,4.112716162300742
748,2394, Ten Lectures on the Interface Between Analytic Number Theory and Harmonic Analysis (Cbms Regional Conference Series in Mathematics), Book,3.5,4.391328506077423
749,1322, Going to Go-Go / Away We Go-Go, Music,4.0,4.431812696778982
750,396," Botany in a Day:  Thomas J. Elpel's Herbal Field Guide to Plant Families, 4th Ed.", Book,3.5,4.1383366172343035
751,222, The World's Easiest Guide to Using the MLA : A User-Friendly Manual for Formatting Research Papers According to the Modern Language Association Style Guide, Book,3.5,4.089081843681395
752,1361, Dancing on Tisha B'av, Book,3.5,4.094580553660551
753,2583," The Sculptural Imagination: Figurative, Modernist, Minimalist", Book,3.5,3.930308520186746
754,2064, Pamela's Second Season (Zebra Regency Romance), Book,3.5,4.175903554469471
755,1660, Robert Louis Stevenson's St. Ives, DVD,4.0,4.303559465353307
756,1460, Evil Ascending/ Dark Conspiracy Series, Book,3.5,3.946160769005938
757,118, The Magic School Bus At The Waterworks : (autobus Magico Viaja Por...) (Magic School Bus), Book,3.5,3.8240974457141266
758,1141, Emmylou Harris - Queen of Alternative Country: Red Dirt Girl, Book,3.5,4.0099990379702675
759,415, How Can I Get Through To You?, Book,3.5,4.036274807640934
760,2554," Glamour and Turbulence: I Remember Pan Am, 1966-91", Book,3.5,3.8854871271310603
761,2480, Shadrach Minkins: From Fugitive Slave to Citizen, Book,3.5,4.114339604473313
762,437, Sterile Pharmaceutical Packaging: Compatibility and Stability: Technical Report 5, Book,3.5,4.070748087042357
763,901, Royal Courts of the Ancient Maya: Volume 2: Case Studies, Book,3.5,3.9775673842816652
764,554, Trance States in Tongues, Music,4.0,4.391135388412307
765,375, Accounting Procedures: The Recording Process-A Preparer's Perspective, Book,3.5,4.1006211152363505
766,2223, Blues Mandolin Man: The Life and Music of Yank Rachell (American Made Music Series), Book,3.5,3.8198643834126194
767,1606, People Like Us, Music,4.0,4.448545776523298
768,265, Earth Power: Techniques of Natural Magic (Llewellyn's Practical Magick), Book,3.5,3.983847254330858
769,1532, No Nuts For Me, Book,3.5,4.045769707746569
770,249, Homeschooling for Excellence, Book,3.5,4.074324945239216
771,2445, Coastal Fish Identification: California to Alaska, Book,3.5,4.464278764155086
772,2202, Hiking Lassen Volcanic National Park, Book,3.5,4.234294189839575
773,22, Come What May, Music,4.0,4.817224359382955
774,133, Bloomfield Blues, Music,4.0,4.475151677008647
775,1963, The Book of the Pomegranate: Moses de Leon's Sefer Ha-Rimmon, Book,3.5,3.8690258087792633
776,1609, How to Find Your Perfect Golf Swing, Book,3.5,4.064589682628041
777,1265, Breathing Under Water, Book,3.5,4.1045011479775155
778,789, Sams Teach Yourself FreeBSD in 24 Hours, Book,3.5,4.028697276950926
779,1836, You Need Never Lose At Bridge, Book,3.5,3.9756846969130293
780,2045, Garfield Gets a Life, Book,3.5,3.9486907533002094
781,1985, Nurturing Spirituality in Children: Simple Hands-On Activities, Book,3.5,4.3844011061463135
782,829, Endangered Island Animals (The Endangered Animals Series), Book,3.5,4.120603930285242
783,1423, NC17, Music,4.0,4.398106573583977
784,1475, A Guide for Using Romeo and Juliet in the Classroom, Book,3.5,4.045892266184207
785,782, Ernest Hemingway - Wrestling With Life, Video,4.0,4.418950146917194
786,1600, A Green History of the World : The Environment and the Collapse of Great Civilizations, Book,3.5,4.213410817143481
787,797, Coast Redwood: A Natural and Cultural History, Book,3.5,4.148442494729203
788,381, 100 Happy Naked New Yorkers, Book,3.5,4.0160040563118695
789,2048, Hummers: Hummingbirds of North America (Pocket Nature Guides), Book,3.5,4.138717092838082
790,79, Today's Military Wife: Meeting the Challenges of Service Life (Today's Military Wife), Book,3.5,3.8732496384919295
791,2372, Gunsmith Cats: Misty's Run, Book,3.5,4.228937840255174
792,2358, Gold Rush Days (Hitty), Book,3.5,3.9607967740700993
793,1325, Fortunate, Music,4.0,4.318357820126829
794,2534, Creative Paper Techniques for Scrapbooks: More Than 75 Fresh Paper Craft Ideas (Memory Makers), Book,3.5,3.9953919812715992
795,500, A-1 Photography Practice Set for Accounting, Book,3.5,3.9713911298326994
796,2074, A Trap to Catch Brer Rabbit, Book,3.5,3.8399050621549304
797,2316, High Performance Cluster Computing: Architectures and Systems, Book,3.5,4.138364669013985
798,1214, An Anthology of Beowulf Criticism., Book,3.5,3.9811237557102874
799,2513, Dead Heart, DVD,4.0,4.662097343998459
800,275, Activity Schedules for Children With Autism: Teaching Independent Behavior (Topics in Autism), Book,3.5,3.8638995802728653
801,1507, Meet the Temptations, Music,4.0,4.450085573914182
802,1774, The Depeche Mode Biography and Interview, Music,4.0,4.457485561907253
803,1121, Something, Music,4.0,4.389626818816009
804,1156, Counting Kisses, Book,3.5,4.072272230334928
805,1902," Standard Time, Vol.5: The Midnight Blues", Music,4.0,4.39182926787856
806,1238, Teaching Children How to Pray, Book,3.5,4.082882522015213
807,720, Just David (Whole-Hearted Family Classics Collection) (Whole-Hearted Family Classics Collection), Book,3.5,3.8874995733246056
808,1227, Psychoeducational Assessment of Preschool Children (3rd Edition), Book,3.5,4.108708251282762
809,1366, Traveling Light 2003 Block Calendar: Releasing the Burdens You Were Never Intended to Bear; The, Book,3.5,4.031709161242393
810,2482," The Saint, Set 4", DVD,4.0,4.5074575885837
811,884, Randomized Algorithms (Cambridge International Series on Parallel Computation), Book,3.5,4.069586990735438
812,377, Systematic Design of CMOS Switched-Current Bandpass Sigma-Delta Modulators for Digital Communication Chips, Book,3.5,3.7903228293997295
813,2454, The Mysterious Passover Visitors, Book,3.5,4.110982547272792
814,1762, Marker Rendering (Artist's Library Series/AL24), Book,3.5,4.047238021907196
815,1327, Addiction, Book,3.5,3.8471617710565646
816,1517, Just Like Floss, Book,3.5,4.061029502114261
817,112, Official Microsoft Image Composer Book, Book,3.5,3.5321006092150484
818,2502, Gaelic Voices, Music,4.0,4.359551927738314
819,878," Frommer's Adventure Guides--Central America, 1st Edition (Frommer Other)", Book,3.5,4.02417365221746
820,747, China's Military Faces the Future (Studies on Contemporary China), Book,3.5,3.5860695124682977
821,1193," Grandmothers Are Like Snowflakes...No Two Are Alike : Words of Wisdom, Gentle Advice, & Hilarious Observations", Book,3.5,3.822894403821597
822,460, Improve Your People Skills, Book,3.5,4.104950360764448
823,841, Daily Math Practice : Grades 6+ (Daily Math Practice), Book,3.5,4.089815952942381
824,623," Junie B., First Grader: Cheater Pants (Junie B. Jones, 21)", Book,3.5,4.072745567393326
825,366, The Book of Secrets, Music,4.0,4.246775696991216
826,898, The National Geographic Traveler: Florida (National Geographic Traveler), Book,3.5,4.061234264606137
827,2526, Breaking Open the Word of God : Resources for Using the Lectionary for Catechesis in the RCIA (Cycle C), Book,3.5,3.8978009174410526
828,2290, Let's Wiggle, Music,4.0,4.383883096606356
829,195," Sixteen Scandals: 20 Years of Sex, Lies and Other Habits of Our Great Leaders", Book,3.5,4.321826988531422
830,2292," We're in This Together, Pt. 3", Music,4.0,4.443497006121911
831,2173," Sobotta Atlas of Human Anatomy: English Text with English Nomenclature, Volume 2", Book,3.5,4.266216955477979
832,47, How to Kill a Monster (Goosebumps), Book,3.5,3.833220909921217
833,818, The Sas Training Manual, Book,3.5,4.122898339655025
834,2376, Godsdog, Music,4.0,4.112573283474516
835,646, Hypnosis for Change, Book,3.5,3.7694871687092983
836,34," Southern By the Grace of God: Lynyrd Skynyrd Tribute Tour, Vol. 1", Music,4.0,4.315480114864661
837,1198, Classic Wood Finishing, Book,3.5,4.079505286865418
838,2054, Flight of the Reindeer : The True Story of Santa Claus and his Christmas Mission, Book,3.5,4.160749107440004
839,340, Liszt (Master Musicians Series), Book,3.5,4.032741749010091
840,1809, Task Force Lone Bandit, Book,3.5,4.0660287761388005
841,2272, How to Stir-Fry, Book,3.5,4.044880122339125
842,497, Chinese Herbal Secrets: The Key to Total Health, Book,3.5,4.064385554169167
843,2408," Champions in 3-D (Super Hero Role Playing, Stock No. 411)", Book,3.5,3.868318267772811
844,183, Funny Teddy Bear Stickers (Dover Little Activity Books), Book,3.5,3.888053774666609
845,2472, Hand Rhymes (Picture Puffins), Book,3.5,3.9591380868638884
846,2140, Fritz Kreisler - Early Recordings, Music,4.0,4.439077153255239
847,1549," The Total-Body Yoga Workout: Lower Body, Abs, and Upper Body Yoga for Beginners", DVD,4.0,4.422317170157131
848,2201, Heartbeats: New Songs from Minnesota for the AIDS Quilt Songbook, Music,4.0,4.419224867923303
849,395, Leonard Bernstein (Getting to Know the World's Greatest Composers), Book,3.5,3.99836892962633
850,416, Merry Christmas from Doris Day & Dinah Shore, Music,4.0,4.439969963613311
851,436, Narrative of the Life of Frederick Douglass (Dover Thrift Editions), Book,3.5,3.9079465721188247
852,1778, Complete GED Preparation (Complete GED Preparation) (Complete Ged Preparation), Book,3.5,4.016908663209842
853,2218, Feeding the Picky Eater : America's Foremost Baby and Childcare Experts Answer the Most Frequently Asked Questions, Book,3.5,3.933719711992698
854,839, Pleasurecraft, DVD,4.0,4.291208455084348
855,1911, Born into Trouble as the Sparks Fly Upward, Music,4.0,4.53336594101447
856,1218, The Denver JobBank (Adams JobBank), Book,3.5,4.154803125343367
857,1987, Capture the Moment: The Pulitzer Prize Photographs, Book,3.5,4.132066619121218
858,32, Staff Meals from Chanterelle, Book,3.5,4.328479048814087
859,2380, Training Methods That Work: A Handbook for Trainers, Book,3.5,4.1431191705094506
860,1211, Statistical Models and Methods for Lifetime Data (Wiley Series in Probability & Mathematical Statistics), Book,3.5,4.090793042544188
861,879, La Mujer de Mi Hermano, Book,3.5,3.974902192334465
862,2563, Beto Jamaica & Os Irmaos Jamaica: Ao Viv, Music,4.0,4.589543560871389
863,917, The Murder of JFK: Confession of an Assassin, Video,4.0,4.32614697754404
864,182," W.C. Fields, Vol. 1 & 2", DVD,4.0,4.192881294397328
865,1826, His Mother's Son, Book,3.5,4.170447483736483
866,2210, This Gum for Hire: A Chet Gecko Mystery, Book,3.5,4.076429907482343
867,1572, Money for Nothing, Book,3.5,3.949106609498259
868,2643, The Original Thai Cookbook, Book,3.5,3.906809277966419
869,926, Foxes of the Desert: The Story of the Afrikakorps (Luftwaffe Profile Series), Book,3.5,4.184408748479758
870,417, The Oxford English-Arabic Dictionary of Current Usage, Book,3.5,4.1007529427739815
871,1435, The Islamic World, Book,3.5,4.097114455413896
872,2039," The Russian Revolution, 1917", Book,3.5,4.123350700048422
873,2658, Rising from the Flames: The Experience of the Severely Burned, Book,3.5,4.600116963331892
874,735, The Adventures of Brenda Bender: Bendable Wire Heroine, Book,3.5,3.9457644021642047
875,1804, India 1885-1947, Book,3.5,4.314581412302216
876,709, Club Revelation: A Novel, Book,3.5,4.056654038777987
877,871, E-Business Legal Handbook 2002, Book,3.5,4.09893601779102
878,2070, How to Stay Young and Healthy in a Toxic World, Book,3.5,4.11322885440829
879,94, The American Heritage Dictionary of Idioms, Book,3.5,1.0825228079812215
880,580, Kenton in Hi-Fi, Music,4.0,4.430249671316371
881,1349," Three Complete Novels: Cold Fire, Hideaway, Key to Midnight", Book,3.5,3.960407189627237
882,388, National Geographic's Land of the Anaconda, Video,4.0,4.41813557938525
883,2082, All About Blue Crabs: And How to Catch Them, Book,3.5,4.04735990536801
884,2365, Principles of Finance (Dantes Series : No. 46), Book,3.5,3.7427642524350992
885,1607, Dark Descent, DVD,4.0,4.4823179964623385
886,1263, The Best American Mystery Stories 2001, Book,3.5,4.077922226468102
887,1916, Journey - Greatest Hits Live, Music,4.0,4.227385406077511
888,1396, Immunology at a Glance (At a Glance (Blackwell)), Book,3.5,4.102666905876317
889,795, Verdi: Attila, Music,4.0,4.46495556160526
890,1622, The 108 Skills of Natural Born Leaders, Book,3.5,4.117854290697467
891,1317, Stairway to Heaven: Led Zeppelin Uncensored, Book,3.5,4.098268529490129
892,891, Journey to the Centre of the Eye, Music,4.0,4.43884752657199
893,1849, 111 Days to Zion, Book,3.5,4.0604966218826295
894,263," Practical Survival Tips, Tricks, & Skills", Book,3.5,3.91840726015764
895,2507, The Bible Cure, Book,3.5,4.025378765976665
896,2133, The Cornea: Second Edition on CD-ROM (For Windows and Macintosh), Book,3.5,4.129454753571592
897,1562, Fun/No Fun, Book,3.5,4.057698877128672
898,2027, Practical Atlas for Bacterial Identification, Book,3.5,3.9749468634467573
899,2495, The Hebrew-Greek Key Word Study Bible: King James Version; Burgundy Bonded Leather, Book,3.5,4.125213068383678
900,1017, History of the DC Universe, Book,3.5,4.098619008748692
901,544, Masks of the World, Book,3.5,3.967177351872924
902,2120, Chinese Cooking For Beginners / Cocina China Para Principiantes, Book,3.5,3.962211858916272
903,1747, Be Aware of Scorpions, Music,4.0,4.59070826728342
904,765, Lanechange, Music,4.0,4.3115839774848315
905,2609, Wake Me When It's Funny: How to Break into Show Business and Stay There, Book,3.5,4.066582533900979
906,1106," Healthy Massage, Part 3: The Legs and Feet", Video,4.0,4.495354149694743
907,2369, From the Files of Madison Finn: Play it Again - Book #3 (From the Files of Madison Finn), Book,3.5,3.7819103985085545
908,999, Insights to Performance Excellence 2001: An Inside Look at the 2001 Baldridge Award Criteria, Book,3.5,4.102871065641418
909,1643, Breaking Free : A Prescription for Personal and Organizational Change (Jossey-Bass Business & Management Series), Book,3.5,3.8956895490487136
910,1637, The Playaz Court, DVD,4.0,4.537797601437342
911,2167, Medieval Decorative Ornament (Dover Pictorial Archive Series), Book,3.5,4.062321429278635
912,774, Ceol More, Music,4.0,4.3810690970426
913,33," Double Jeopardy (T*Witches, 6)", Book,3.5,-0.006208387024598583
914,2220, Heterosexual Plots and Lesbian Narratives (The Cutting Edge : Lesbian Life and Literature), Book,3.5,4.046913802405328
915,1419, Snowboarding Experts: Freeriding--Race--Freestyle, Book,3.5,4.064340472041215
916,2639, Anatomy: A Regional Atlas of the Human Body, Book,3.5,4.130898825907689
917,2180, Microbranding: Build a Powerful Personal Brand and Beat Your Compe, Book,3.5,4.0717556669269594
918,444," I Hate Stanford: 303 Reasons Why You Should, Too (I Hate...)", Book,3.5,4.246639449137147
919,327, Do It Yourself! Credit Repair (E-Z Legal Guide), Book,3.5,4.067774872391206
920,1988, The Official Dick Van Dyke Show Book, Book,3.5,3.9787910512365134
921,1332, Words Were Originally Magic, Book,3.5,4.082846711905802
922,2169, The Secret Garden (Bantam Classic), Book,3.5,4.092733725789777
923,462, Because of Jesus, Book,3.5,4.02315400725049
924,1482," Rafaello'S Mistress (Harlequin Presents, No. 2217)", Book,3.5,3.9223801332455825
925,2229, Danzig 4, Music,4.0,4.416751876542712
926,1120, Table Manners for Kids - Tots to Teens, Video,4.0,4.398513109380717
927,113, Jesus: A Life, Book,3.5,3.8458249639975386
928,1264, Hitchhiker's Guide to Visual Basic and SQL Server, Book,3.5,4.057568366800707
929,2346, Thinking About the Baby: Gender and Transitions into Parenthood (Women in the Political Economy), Book,3.5,3.971437951898724
930,1456, Donde Jugaran Las Niñas?, Music,4.0,4.267409532966639
931,1519, Synthetic Division, Music,4.0,4.425199312285995
932,998," How to Write a Term Paper (A Speak Out, Write on! Book)", Book,3.5,3.868483685538556
933,837, Desktop Digital Studio (Sound on Sound), Book,3.5,3.957404415419392
934,1858, Hawai`i's Falsetto Returns, Music,4.0,4.428666595645165
935,792, The Best of Paco De Lucia, Music,4.0,4.44596052719587
936,226, Presentimientos, Book,3.5,4.0089539263224765
937,725, Soulful Christmas [Laserlight Box Set], Music,4.0,4.470831727013326
938,1175, Did My First Mother Love Me?: A Story for an Adopted Child, Book,3.5,4.120632385907143
939,1500," International Tables for Crystallography: Reciprocal Space, Vol. B (International Tables for Crystallography)", Book,3.5,3.6102880794323196
940,1010, Barney - Barney's Adventure Bus/Imagination Island, Video,4.0,4.405018011434832
941,2470, Betty Crocker's Expressipes: 100 Great Recipes in 30 Minutes or Less (Betty Crocker Home Library), Book,3.5,4.027556166365555
942,2171," Fly Patterns of Umpqua Feather Merchants: The World's 1,500 Best Flies", Book,3.5,4.139326824971711
943,1673, What If, Book,3.5,3.888392332076095
944,651," Film Editing: History, Theory and Practice : Looking at the Invisible", Book,3.5,3.9734205539217986
945,1592, Operating System Concepts With Supplement, Book,3.5,3.8286019235525104
946,446, Audubon 365 Birds Page-A-Day Calendar 2002, Book,3.5,4.043632658866269
947,2270, The AIDS-ET Connection, Book,3.5,3.9824776098694947
948,2381, Celtic Druids, Book,3.5,4.241917607592923
949,2614, Unspeakable Joy, Music,4.0,4.436911249579435
950,2573, Gel Candles : How to Make & Market Gel Candles That Sell Like Wildfire!, Book,3.5,4.1103039771644365
951,1668, Whitney Houston - Greatest Hits, Video,4.0,4.410996639063642
952,258, Hosanna, Book,3.5,4.093511644499735
953,794, Street Fighter III: Third Strike, Music,4.0,4.45202222616121
954,2487, I Just Shot Myself in the Foot Again, Music,4.0,4.405552992679622
955,1147, Turquoise Boy: A Navajo Legend (Native American Legends), Book,3.5,4.059536110002933
956,2030, The Seekers : The Story of Man's Continuing Quest to Understand His World, Book,3.5,4.236005571348011
957,1698, Cyberspace Job Search Kit 2001-2002: The Complete Guide to Online Job Seeking and Career Information (Cyberspace Job Search Kit), Book,3.5,3.9351996393302913
958,2172, Kalamazoo and Southwest Michigan: Golden Memories (Voices of America) (Voices of America), Book,3.5,4.008102916457334
959,1007, Campfire Tales of Jackson Hole, Book,3.5,4.067802131873732
960,2055," Long Life, Honey in the Heart: A Story of Initiation and Eloquence from the Shores of a Mayan Lake", Book,3.5,4.107631758578831
961,1862, Spartacus - Criterion Collection, DVD,4.0,4.4216504854612175
962,722, American Government: The Essentials, Book,3.5,3.8912505151358707
963,2018, Urinary & Fecal Incontinence: Nursing Management, Book,3.5,4.2269108393909836
964,1686, Roy Buchanan: American Axe, Book,3.5,4.056006510882247
965,2101, Crucial Decisions, Book,3.5,4.116502354594591
966,438, One Hundred Years of Solitude (Everyman's Library (Cloth)), Book,3.5,4.024672232649557
967,2446, Learn Library of Congress Classification, Book,3.5,4.261502157157604
968,315, Resurrection and Moral Order: An Outline for Evangelical Ethics, Book,3.5,4.057219953345704
969,2282, Johnny Mnemonic (Superbit Collection), DVD,4.0,4.396903181403321
970,1251, Strange Skies: Pilot Encounters With Ufos, Book,3.5,4.085609661080518
971,1805, Asian Traditions Modern Expressions, Book,3.5,4.1902992395379215
972,212, Fiber-Optic Communication Systems, Book,3.5,3.916120164696807
973,2574, Plato: Apology, Book,3.5,4.073719449923951
974,2139, The Enchanted Unicorn (Wanderer Sticker Book), Book,3.5,4.085137565683301
975,122, Cocktail Hour: Lena Horne, Music,4.0,4.427649449243707
976,2151, Fields of Dreams: A Guide to Visiting and Enjoying All 30 Major League Ballparks, Book,3.5,4.0484673122949655
977,2258, Todos Sus Exitos, Music,4.0,4.3336113645521745
978,813, Ready-to-Go Reproducibles: Standardized Test Skill Builders for Math (Grades 3-4), Book,3.5,4.23749323244342
979,2628, Python and Tkinter Programming, Book,3.5,3.935896804491032
980,2311, Internationalization and Localization Using Microsoft .NET, Book,3.5,3.9911838611197674
981,2240, Paul Schoenfield's Cafe Music, Music,4.0,4.425712322729211
982,1331, Lindberg & Friends Play Lindberg, Music,4.0,4.400825631942483
983,213, Running, Music,4.0,4.328611975742058
984,232, Review of Veterinary Physiology (The Quick Look Series in Veterinary Medicine), Book,3.5,3.935596186445633
985,1402, The World of Rosamunde Pilcher, Book,3.5,4.073565274931205
986,1714, The Best Quilts from Thimbleberries: A Collection of 50 Charming Country Quilts and Decorative Accessories, Book,3.5,4.028747402235563
987,455, The Gift of Game, Music,4.0,4.139638720968499
988,2288, The Tilted Arc Controversy: Dangerous Precedent?, Book,3.5,4.024894704576015
989,1917, SQL Server 2000 Backup and Recovery, Book,3.5,3.8617204237885514
990,1709, Legend of the Wolf, Music,4.0,4.433742424983308
991,1083," Eat, Drink, & Be Merry : America's Doctor Tells You Why The Health Experts Are Wrong", Book,3.5,4.079968180328585
992,793, Faded Coat of Blue : A Novel (Abel Jones Mysteries (Paperback)), Book,3.5,4.082973263122433
993,1690, Independent Travellers Greek Island Hopping 2002: The Budget Travel Guide, Book,3.5,4.007239579122987
994,2560, Profile of a Writer: Marquez - Tales Beyond Solitude, Video,4.0,4.48595543696751
995,1097, Ahma, Music,4.0,4.407044391630825
996,1393, Loney Planet Chicago City Map (City Maps Series), Book,3.5,4.087676036401202
997,643, Swell Style : A Girl's Guide to Turning Heads (Swell Little Books), Book,3.5,3.933250465522775
998,976, Dark Continent : Europe's Twentieth Century, Book,3.5,4.326451905841093
999,961, Choice and Consequence, Book,3.5,4.012694423887261
